{"mse": 0.8090039820164495, "rmse": 0.8994464864662319, "r2": 0.191704414375806, "mae": 0.6937918624204643}